{"count":1,"self":105.4952768,"total":2740.889793,"children":{"InitializeActuators":{"count":10,"self":0.0019838,"total":0.0019838,"children":null},"InitializeSensors":{"count":10,"self":0.0017637999999999998,"total":0.0017637999999999998,"children":null},"AgentSendState":{"count":154484,"self":5.9429832,"total":33.455659,"children":{"CollectObservations":{"count":1544840,"self":3.2404856,"total":3.2404854999999997,"children":null},"WriteActionMask":{"count":1544840,"self":1.3342812,"total":1.3342812,"children":null},"RequestDecision":{"count":1544840,"self":4.5528384,"total":22.9379092,"children":{"AgentInfo.ToProto":{"count":1544840,"self":4.3971263999999994,"total":18.3850707,"children":{"GenerateSensorData":{"count":1544840,"self":13.987943999999999,"total":13.987944299999999,"children":null}}}}}}},"DecideAction":{"count":154484,"self":2598.0008448,"total":2598.0007575,"children":null},"AgentAct":{"count":154484,"self":3.7053664,"total":3.932368,"children":{"AgentInfo.ToProto":{"count":12278,"self":0.044466399999999996,"total":0.2270016,"children":{"GenerateSensorData":{"count":12278,"self":0.18253519999999998,"total":0.18253519999999998,"children":null}}}}}},"gauges":{"PaddleBehaviour.CumulativeReward":{"count":12278,"max":2.60000014,"min":0,"runningAverage":0.411256462,"value":1,"weightedAverage":0.5890863}},"metadata":{"timer_format_version":"0.1.0","start_time_seconds":"1649551827","unity_version":"2020.3.25f1","command_line_arguments":"C:\\Program Files\\2020.3.25f1\\Editor\\Unity.exe -projectpath C:\\Users\\dheva\\Desktop\\Special Topics\\Group Project\\COMP256-ML-Project-Pong-G1\\Pong ML -useHub -hubIPC -cloudEnvironment production -licensingIpc LicenseClient-dheva -hubSessionId 85ea8ed0-b857-11ec-91b1-9f116fb78723 -accessToken 0wVnx6wNqPEYkzlyxn7zO__N9Rs4ZpKtG05G4sJh-Qs00af","communication_protocol_version":"1.5.0","com.unity.ml-agents_version":"2.3.0-exp.2","scene_name":"SampleScene","end_time_seconds":"1649554568"}}