{
    "name": "root",
    "gauges": {
        "PaddleBehaviour.Policy.Entropy.mean": {
            "value": -0.06212460994720459,
            "min": -0.0627184510231018,
            "max": 0.8460205793380737,
            "count": 200
        },
        "PaddleBehaviour.Policy.Entropy.sum": {
            "value": -620.0036010742188,
            "min": -628.1998291015625,
            "max": 8468.666015625,
            "count": 200
        },
        "PaddleBehaviour.Environment.EpisodeLength.mean": {
            "value": 58.06547619047619,
            "min": 35.0,
            "max": 61.52173913043478,
            "count": 200
        },
        "PaddleBehaviour.Environment.EpisodeLength.sum": {
            "value": 9755.0,
            "min": 175.0,
            "max": 10109.0,
            "count": 200
        },
        "PaddleBehaviour.Step.mean": {
            "value": 2499993.0,
            "min": 509976.0,
            "max": 2499993.0,
            "count": 200
        },
        "PaddleBehaviour.Step.sum": {
            "value": 2499993.0,
            "min": 509976.0,
            "max": 2499993.0,
            "count": 200
        },
        "PaddleBehaviour.Policy.ExtrinsicValueEstimate.mean": {
            "value": 0.5760518908500671,
            "min": 0.021119827404618263,
            "max": 0.7950271368026733,
            "count": 200
        },
        "PaddleBehaviour.Policy.ExtrinsicValueEstimate.sum": {
            "value": 127.30746459960938,
            "min": 1.5900542736053467,
            "max": 147.88885498046875,
            "count": 200
        },
        "PaddleBehaviour.Environment.CumulativeReward.mean": {
            "value": 0.7159763313609467,
            "min": -0.011834319526627219,
            "max": 1.0,
            "count": 200
        },
        "PaddleBehaviour.Environment.CumulativeReward.sum": {
            "value": 121.0,
            "min": -2.0,
            "max": 152.0,
            "count": 200
        },
        "PaddleBehaviour.Policy.ExtrinsicReward.mean": {
            "value": 0.7159763313609467,
            "min": -0.011834319526627219,
            "max": 1.0,
            "count": 200
        },
        "PaddleBehaviour.Policy.ExtrinsicReward.sum": {
            "value": 121.0,
            "min": -2.0,
            "max": 152.0,
            "count": 200
        },
        "PaddleBehaviour.IsTraining.mean": {
            "value": 1.0,
            "min": 1.0,
            "max": 1.0,
            "count": 200
        },
        "PaddleBehaviour.IsTraining.sum": {
            "value": 1.0,
            "min": 1.0,
            "max": 1.0,
            "count": 200
        },
        "PaddleBehaviour.Losses.PolicyLoss.mean": {
            "value": 0.24127880909967886,
            "min": 0.23159895444713144,
            "max": 0.25415909250289176,
            "count": 199
        },
        "PaddleBehaviour.Losses.PolicyLoss.sum": {
            "value": 18.81974710977495,
            "min": 17.03201873716764,
            "max": 20.33272740023134,
            "count": 199
        },
        "PaddleBehaviour.Losses.ValueLoss.mean": {
            "value": 0.011638286356258706,
            "min": 0.008509074927437316,
            "max": 0.07730422632569377,
            "count": 199
        },
        "PaddleBehaviour.Losses.ValueLoss.sum": {
            "value": 0.9077863357881791,
            "min": 0.6637078443401107,
            "max": 5.8751212007527265,
            "count": 199
        },
        "PaddleBehaviour.Policy.LearningRate.mean": {
            "value": 5.955905707338472e-07,
            "min": 5.955905707338472e-07,
            "max": 0.00023817847717860966,
            "count": 199
        },
        "PaddleBehaviour.Policy.LearningRate.sum": {
            "value": 4.645606451724008e-05,
            "min": 4.645606451724008e-05,
            "max": 0.01876683366438936,
            "count": 199
        },
        "PaddleBehaviour.Policy.Epsilon.mean": {
            "value": 0.10019849692307693,
            "min": 0.10019849692307693,
            "max": 0.17939281885714287,
            "count": 199
        },
        "PaddleBehaviour.Policy.Epsilon.sum": {
            "value": 7.815482760000001,
            "min": 7.7369592800000015,
            "max": 14.25561064,
            "count": 199
        },
        "PaddleBehaviour.Policy.Beta.mean": {
            "value": 0.0005000000000000001,
            "min": 0.0005,
            "max": 0.0005000000000000001,
            "count": 199
        },
        "PaddleBehaviour.Policy.Beta.sum": {
            "value": 0.03900000000000001,
            "min": 0.035,
            "max": 0.04100000000000001,
            "count": 199
        }
    },
    "metadata": {
        "timer_format_version": "0.1.0",
        "start_time_seconds": "1649629392",
        "python_version": "3.8.10 (tags/v3.8.10:3d8993a, May  3 2021, 11:48:03) [MSC v.1928 64 bit (AMD64)]",
        "command_line_arguments": "C:\\Users\\dheva\\AppData\\Local\\Packages\\PythonSoftwareFoundation.Python.3.8_qbz5n2kfra8p0\\LocalCache\\local-packages\\Python38\\Scripts\\mlagents-learn config/pong_config.yaml --run-id=thirdPongRun --resume",
        "mlagents_version": "0.29.0.dev0",
        "mlagents_envs_version": "0.29.0.dev0",
        "communication_protocol_version": "1.5.0",
        "pytorch_version": "1.11.0+cpu",
        "numpy_version": "1.19.1",
        "end_time_seconds": "1649633510"
    },
    "total": 4118.8405731,
    "count": 1,
    "self": 0.019076800001130323,
    "children": {
        "run_training.setup": {
            "total": 0.3710863,
            "count": 1,
            "self": 0.3710863
        },
        "TrainerController.start_learning": {
            "total": 4118.4504099999995,
            "count": 1,
            "self": 4.743205599959765,
            "children": {
                "TrainerController._reset_env": {
                    "total": 5.9555302,
                    "count": 1,
                    "self": 5.9555302
                },
                "TrainerController.advance": {
                    "total": 4107.66478820004,
                    "count": 199037,
                    "self": 4.519295900219731,
                    "children": {
                        "env_step": {
                            "total": 1053.5256017998454,
                            "count": 199037,
                            "self": 878.4146083998781,
                            "children": {
                                "SubprocessEnvManager._take_step": {
                                    "total": 172.15557759992754,
                                    "count": 199037,
                                    "self": 14.160136699913267,
                                    "children": {
                                        "TorchPolicy.evaluate": {
                                            "total": 157.99544090001427,
                                            "count": 199037,
                                            "self": 32.9111940000366,
                                            "children": {
                                                "TorchPolicy.sample_actions": {
                                                    "total": 125.08424689997767,
                                                    "count": 199037,
                                                    "self": 125.08424689997767
                                                }
                                            }
                                        }
                                    }
                                },
                                "workers": {
                                    "total": 2.9554158000396846,
                                    "count": 199037,
                                    "self": 0.0,